{"cameraMode":{"drawMode":0,"name":"Shaded","section":"Shading Mode"},"sceneLighting":true,"audioPlay":false,"sceneViewState":{"showFog":true,"showMaterialUpdate":false,"showSkybox":true,"showFlares":true,"showImageEffects":true,"showParticleSystems":true},"in2DMode":false,"pivot":{"x":1.0545423030853272,"y":2.70719051361084,"z":18.626249313354493},"rotation":{"x":0.010797914117574692,"y":0.041981421411037448,"z":-0.0005353189771994948,"w":0.9990912675857544},"size":24.61064910888672,"orthographic":false}